{"1": {"global_step": 535, "best_epoch": 1, "acc": 0.6317925453186035, "best_acc": 0.6317925453186035, "loss": 0.9829632418177953, "epoch_time": 804.4243066310883}, "2": {"global_step": 1070, "best_epoch": 2, "acc": 0.7185956239700317, "best_acc": 0.7185956239700317, "loss": 0.9446420046213632, "epoch_time": 817.3878152370453}, "3": {"global_step": 1605, "best_epoch": 3, "acc": 0.7741708159446716, "best_acc": 0.7741708159446716, "loss": 0.9210316003297349, "epoch_time": 813.3355991840363}, "4": {"global_step": 2140, "best_epoch": 4, "acc": 0.7896965742111206, "best_acc": 0.7896965742111206, "loss": 0.9031329015148021, "epoch_time": 811.3761279582977}, "5": {"global_step": 2675, "best_epoch": 5, "acc": 0.8023994565010071, "best_acc": 0.8023994565010071, "loss": 0.8892355752436915, "epoch_time": 818.157966375351}, "6": {"global_step": 3210, "best_epoch": 6, "acc": 0.8269230723381042, "best_acc": 0.8269230723381042, "loss": 0.8778554310122755, "epoch_time": 813.0929872989655}, "7": {"global_step": 3745, "best_epoch": 7, "acc": 0.8325688242912292, "best_acc": 0.8325688242912292, "loss": 0.8683897172338335, "epoch_time": 817.1726942062378}, "8": {"global_step": 4280, "best_epoch": 8, "acc": 0.8405081033706665, "best_acc": 0.8405081033706665, "loss": 0.8601302416107365, "epoch_time": 813.9569828510284}, "9": {"global_step": 4815, "best_epoch": 8, "acc": 0.8375088572502136, "best_acc": 0.8405081033706665, "loss": 0.8522101524091584, "epoch_time": 826.0379981994629}, "10": {"global_step": 5350, "best_epoch": 10, "acc": 0.8452717065811157, "best_acc": 0.8452717065811157, "loss": 0.8446377214538717, "epoch_time": 829.9048571586609}, "11": {"global_step": 5885, "best_epoch": 11, "acc": 0.8463302850723267, "best_acc": 0.8463302850723267, "loss": 0.837314251143748, "epoch_time": 827.7688620090485}, "12": {"global_step": 6420, "best_epoch": 11, "acc": 0.8443895578384399, "best_acc": 0.8463302850723267, "loss": 0.8302033916904918, "epoch_time": 839.495846748352}, "13": {"global_step": 6955, "best_epoch": 11, "acc": 0.8438602685928345, "best_acc": 0.8463302850723267, "loss": 0.8235715172258236, "epoch_time": 837.3299341201782}, "14": {"global_step": 7490, "best_epoch": 11, "acc": 0.8398024439811707, "best_acc": 0.8463302850723267, "loss": 0.8176307267833934, "epoch_time": 818.666778087616}, "15": {"global_step": 8025, "best_epoch": 11, "acc": 0.8452717065811157, "best_acc": 0.8463302850723267, "loss": 0.8123260799672374, "epoch_time": 840.3495724201202}, "16": {"global_step": 8560, "best_epoch": 11, "acc": 0.8436838388442993, "best_acc": 0.8463302850723267, "loss": 0.8070399012729943, "epoch_time": 838.2951481342316}, "17": {"global_step": 9095, "best_epoch": 17, "acc": 0.8516231775283813, "best_acc": 0.8516231775283813, "loss": 0.8018771602138836, "epoch_time": 845.3486297130585}, "18": {"global_step": 9630, "best_epoch": 17, "acc": 0.8373324275016785, "best_acc": 0.8516231775283813, "loss": 0.7971440882140602, "epoch_time": 844.3138082027435}, "19": {"global_step": 10165, "best_epoch": 17, "acc": 0.8415666818618774, "best_acc": 0.8516231775283813, "loss": 0.7924008124401226, "epoch_time": 845.6508367061615}, "20": {"global_step": 10700, "best_epoch": 17, "acc": 0.834509551525116, "best_acc": 0.8516231775283813, "loss": 0.7879895761135582, "epoch_time": 845.1676733493805}, "21": {"global_step": 11235, "best_epoch": 17, "acc": 0.8248059153556824, "best_acc": 0.8516231775283813, "loss": 0.7836342653222332, "epoch_time": 815.5493364334106}, "22": {"global_step": 11770, "best_epoch": 17, "acc": 0.8362738490104675, "best_acc": 0.8516231775283813, "loss": 0.7793468849883812, "epoch_time": 814.4377310276031}, "23": {"global_step": 12305, "best_epoch": 17, "acc": 0.8195130825042725, "best_acc": 0.8516231775283813, "loss": 0.7751112311363996, "epoch_time": 812.3245260715485}, "24": {"global_step": 12840, "best_epoch": 17, "acc": 0.8299223780632019, "best_acc": 0.8516231775283813, "loss": 0.7725584615613813, "epoch_time": 816.4304344654083}, "25": {"global_step": 13375, "best_epoch": 17, "acc": 0.8165137767791748, "best_acc": 0.8516231775283813, "loss": 0.7698496775315187, "epoch_time": 834.4816343784332}, "26": {"global_step": 13910, "best_epoch": 17, "acc": 0.8225123882293701, "best_acc": 0.8516231775283813, "loss": 0.7666327644002944, "epoch_time": 830.517496585846}, "27": {"global_step": 14445, "best_epoch": 17, "acc": 0.8085744976997375, "best_acc": 0.8516231775283813, "loss": 0.7631046930990156, "epoch_time": 817.7373495101929}, "28": {"global_step": 14980, "best_epoch": 17, "acc": 0.7964008450508118, "best_acc": 0.8516231775283813, "loss": 0.7594638648871904, "epoch_time": 822.2226207256317}, "29": {"global_step": 15515, "best_epoch": 17, "acc": 0.794460117816925, "best_acc": 0.8516231775283813, "loss": 0.7559601343565513, "epoch_time": 821.5670711994171}, "30": {"global_step": 16050, "best_epoch": 17, "acc": 0.811044454574585, "best_acc": 0.8516231775283813, "loss": 0.7524701358818934, "epoch_time": 815.7194333076477}, "31": {"global_step": 16585, "best_epoch": 17, "acc": 0.8008115887641907, "best_acc": 0.8516231775283813, "loss": 0.748560822567093, "epoch_time": 815.0283966064453}, "32": {"global_step": 17120, "best_epoch": 17, "acc": 0.7951658368110657, "best_acc": 0.8516231775283813, "loss": 0.7447009830135052, "epoch_time": 817.3607439994812}, "33": {"global_step": 17655, "best_epoch": 17, "acc": 0.7921665906906128, "best_acc": 0.8516231775283813, "loss": 0.7408681282913404, "epoch_time": 817.1578259468079}, "34": {"global_step": 18190, "best_epoch": 17, "acc": 0.7967537045478821, "best_acc": 0.8516231775283813, "loss": 0.737219861813336, "epoch_time": 814.7720761299133}, "35": {"global_step": 18725, "best_epoch": 17, "acc": 0.7905787229537964, "best_acc": 0.8516231775283813, "loss": 0.7336203223554411, "epoch_time": 814.6324260234833}, "36": {"global_step": 19260, "best_epoch": 17, "acc": 0.7870501279830933, "best_acc": 0.8516231775283813, "loss": 0.7301540187771818, "epoch_time": 814.5587375164032}, "37": {"global_step": 19795, "best_epoch": 17, "acc": 0.7709950804710388, "best_acc": 0.8516231775283813, "loss": 0.7267694254269591, "epoch_time": 814.7987372875214}, "38": {"global_step": 20330, "best_epoch": 17, "acc": 0.7819336652755737, "best_acc": 0.8516231775283813, "loss": 0.7233260300437394, "epoch_time": 814.8776350021362}, "39": {"global_step": 20865, "best_epoch": 17, "acc": 0.7648200392723083, "best_acc": 0.8516231775283813, "loss": 0.7200147272856036, "epoch_time": 814.7869358062744}, "40": {"global_step": 21400, "best_epoch": 17, "acc": 0.7720536589622498, "best_acc": 0.8516231775283813, "loss": 0.7167819651654947, "epoch_time": 816.214914560318}, "41": {"global_step": 21935, "best_epoch": 17, "acc": 0.7616443634033203, "best_acc": 0.8516231775283813, "loss": 0.713677165976738, "epoch_time": 813.3641316890717}, "42": {"global_step": 22470, "best_epoch": 17, "acc": 0.7771701216697693, "best_acc": 0.8516231775283813, "loss": 0.7105690368504645, "epoch_time": 809.0706868171692}, "43": {"global_step": 23005, "best_epoch": 17, "acc": 0.7784050703048706, "best_acc": 0.8516231775283813, "loss": 0.7075651426492529, "epoch_time": 814.3586511611938}, "44": {"global_step": 23540, "best_epoch": 17, "acc": 0.7791107892990112, "best_acc": 0.8516231775283813, "loss": 0.7046126020276253, "epoch_time": 813.9620473384857}, "45": {"global_step": 24075, "best_epoch": 17, "acc": 0.7567043304443359, "best_acc": 0.8516231775283813, "loss": 0.7017311493951831, "epoch_time": 813.2741091251373}, "46": {"global_step": 24610, "best_epoch": 17, "acc": 0.7789343595504761, "best_acc": 0.8516231775283813, "loss": 0.6988713734206122, "epoch_time": 814.9999947547913}, "47": {"global_step": 25145, "best_epoch": 17, "acc": 0.7505292892456055, "best_acc": 0.8516231775283813, "loss": 0.6961349159129502, "epoch_time": 816.579154253006}, "48": {"global_step": 25680, "best_epoch": 17, "acc": 0.7641143202781677, "best_acc": 0.8516231775283813, "loss": 0.6933355117524246,