{"1": {"global_step": 535, "best_epoch": 1, "acc": 0.5035285949707031, "best_acc": 0.5035285949707031, "loss": 1.0583249353916846, "epoch_time": 799.4950387477875}, "2": {"global_step": 1070, "best_epoch": 2, "acc": 0.5435779690742493, "best_acc": 0.5435779690742493, "loss": 1.0202129789601977, "epoch_time": 814.9109616279602}, "3": {"global_step": 1605, "best_epoch": 3, "acc": 0.5779816508293152, "best_acc": 0.5779816508293152, "loss": 1.000493842901842, "epoch_time": 816.9968042373657}, "4": {"global_step": 2140, "best_epoch": 4, "acc": 0.6192660927772522, "best_acc": 0.6192660927772522, "loss": 0.9855095471455672, "epoch_time": 818.6401560306549}, "5": {"global_step": 2675, "best_epoch": 5, "acc": 0.6342625617980957, "best_acc": 0.6342625617980957, "loss": 0.9733144561821055, "epoch_time": 823.6544013023376}, "6": {"global_step": 3210, "best_epoch": 6, "acc": 0.6564925909042358, "best_acc": 0.6564925909042358, "loss": 0.9632093668169693, "epoch_time": 820.7813313007355}, "7": {"global_step": 3745, "best_epoch": 7, "acc": 0.6750176548957825, "best_acc": 0.6750176548957825, "loss": 0.9546851970484165, "epoch_time": 810.0013771057129}, "8": {"global_step": 4280, "best_epoch": 8, "acc": 0.6916019916534424, "best_acc": 0.6916019916534424, "loss": 0.9472135958688281, "epoch_time": 817.4556469917297}, "9": {"global_step": 4815, "best_epoch": 9, "acc": 0.7057163119316101, "best_acc": 0.7057163119316101, "loss": 0.9406493518830336, "epoch_time": 819.8088798522949}, "10": {"global_step": 5350, "best_epoch": 10, "acc": 0.7143613696098328, "best_acc": 0.7143613696098328, "loss": 0.9347175610288281, "epoch_time": 819.3138709068298}, "11": {"global_step": 5885, "best_epoch": 11, "acc": 0.7309456467628479, "best_acc": 0.7309456467628479, "loss": 0.9292754471352673, "epoch_time": 814.1744139194489}, "12": {"global_step": 6420, "best_epoch": 12, "acc": 0.7392378449440002, "best_acc": 0.7392378449440002, "loss": 0.9242791475350983, "epoch_time": 823.6639559268951}, "13": {"global_step": 6955, "best_epoch": 13, "acc": 0.7440014481544495, "best_acc": 0.7440014481544495, "loss": 0.9195097095155613, "epoch_time": 818.9141180515289}, "14": {"global_step": 7490, "best_epoch": 14, "acc": 0.7517642974853516, "best_acc": 0.7517642974853516, "loss": 0.9153200025711263, "epoch_time": 824.871988773346}, "15": {"global_step": 8025, "best_epoch": 15, "acc": 0.7535285949707031, "best_acc": 0.7535285949707031, "loss": 0.9113731420300089, "epoch_time": 819.6511747837067}, "16": {"global_step": 8560, "best_epoch": 16, "acc": 0.7619971632957458, "best_acc": 0.7619971632957458, "loss": 0.9075848011143297, "epoch_time": 817.3507144451141}, "17": {"global_step": 9095, "best_epoch": 17, "acc": 0.7646436095237732, "best_acc": 0.7646436095237732, "loss": 0.9041226399934442, "epoch_time": 819.5956146717072}, "18": {"global_step": 9630, "best_epoch": 18, "acc": 0.7713479399681091, "best_acc": 0.7713479399681091, "loss": 0.9008469874985121, "epoch_time": 819.4321570396423}, "19": {"global_step": 10165, "best_epoch": 18, "acc": 0.7667607665061951, "best_acc": 0.7713479399681091, "loss": 0.8976457019129002, "epoch_time": 820.148158788681}, "20": {"global_step": 10700, "best_epoch": 20, "acc": 0.7794636487960815, "best_acc": 0.7794636487960815, "loss": 0.8946844036501145, "epoch_time": 826.1074764728546}, "21": {"global_step": 11235, "best_epoch": 20, "acc": 0.7791107892990112, "best_acc": 0.7794636487960815, "loss": 0.8918468422872733, "epoch_time": 824.3723664283752}, "22": {"global_step": 11770, "best_epoch": 22, "acc": 0.7836979627609253, "best_acc": 0.7836979627609253, "loss": 0.8891386216590237, "epoch_time": 818.0236346721649}, "23": {"global_step": 12305, "best_epoch": 23, "acc": 0.7891672849655151, "best_acc": 0.7891672849655151, "loss": 0.8864932777967844, "epoch_time": 826.0110349655151}, "24": {"global_step": 12840, "best_epoch": 23, "acc": 0.78899085521698, "best_acc": 0.7891672849655151, "loss": 0.8839679655441985, "epoch_time": 818.7770841121674}, "25": {"global_step": 13375, "best_epoch": 25, "acc": 0.7916373014450073, "best_acc": 0.7916373014450073, "loss": 0.8815370143150615, "epoch_time": 819.0021886825562}, "26": {"global_step": 13910, "best_epoch": 26, "acc": 0.7999294400215149, "best_acc": 0.7999294400215149, "loss": 0.8792411862604057, "epoch_time": 818.4333775043488}, "27": {"global_step": 14445, "best_epoch": 26, "acc": 0.7948129773139954, "best_acc": 0.7999294400215149, "loss": 0.8769962561959913, "epoch_time": 825.3480896949768}, "28": {"global_step": 14980, "best_epoch": 28, "acc": 0.8009880185127258, "best_acc": 0.8009880185127258, "loss": 0.8747884135419759, "epoch_time": 818.3817195892334}, "29": {"global_step": 15515, "best_epoch": 28, "acc": 0.7981651425361633, "best_acc": 0.8009880185127258, "loss": 0.8726794129220125, "epoch_time": 817.1724197864532}, "30": {"global_step": 16050, "best_epoch": 30, "acc": 0.8066337704658508, "best_acc": 0.8066337704658508, "loss": 0.8706977140532104, "epoch_time": 820.6287667751312}, "31": {"global_step": 16585, "best_epoch": 30, "acc": 0.7986944317817688, "best_acc": 0.8066337704658508, "loss": 0.868740584550581, "epoch_time": 817.4180166721344}, "32": {"global_step": 17120, "best_epoch": 30, "acc": 0.8008115887641907, "best_acc": 0.8066337704658508, "loss": 0.8669098362570332, "epoch_time": 823.3154466152191}, "33": {"global_step": 17655, "best_epoch": 30, "acc": 0.7983415722846985, "best_acc": 0.8066337704658508, "loss": 0.8650199370355858, "epoch_time": 818.6454374790192}, "34": {"global_step": 18190, "best_epoch": 30, "acc": 0.8046930432319641, "best_acc": 0.8066337704658508, "loss": 0.8633173656339105, "epoch_time": 824.210033416748}, "35": {"global_step": 18725, "best_epoch": 35, "acc": 0.812279462814331, "best_acc": 0.812279462814331, "loss": 0.8616489367141266, "epoch_time": 819.2812712192535}, "36": {"global_step": 19260, "best_epoch": 35, "acc": 0.8113973140716553, "best_acc": 0.812279462814331, "loss": 0.8600764952592266, "epoch_time": 818.8953764438629}, "37": {"global_step": 19795, "best_epoch": 35, "acc": 0.8059280514717102, "best_acc": 0.812279462814331, "loss": 0.8585161672393672, "epoch_time": 816.7374081611633}, "38": {"global_step": 20330, "best_epoch": 38, "acc": 0.8165137767791748, "best_acc": 0.8165137767791748, "loss": 0.8569534118252907, "epoch_time": 819.6829664707184}, "39": {"global_step": 20865, "best_epoch": 38, "acc": 0.8052223324775696, "best_acc": 0.8165137767791748, "loss": 0.8554884939121737, "epoch_time": 823.4148807525635}, "40": {"global_step": 21400, "best_epoch": 38, "acc": 0.8129851818084717, "best_acc": 0.8165137767791748, "loss": 0.8540483633602891, "epoch_time": 820.0309948921204}, "41": {"global_step": 21935, "best_epoch": 38, "acc": 0.811044454574585, "best_acc": 0.8165137767791748, "loss": 0.8526112119021654, "epoch_time": 819.9886157512665}, "42": {"global_step": 22470, "best_epoch": 42, "acc": 0.8221595287322998, "best_acc": 0.8221595287322998, "loss": 0.8511893844307398, "epoch_time": 818.9440770149231}, "43": {"global_step": 23005, "best_epoch": 42, "acc": 0.8129851818084717, "best_acc": 0.8221595287322998, "loss": 0.8498007846743976, "epoch_time": 827.3685169219971}, "44": {"global_step": 23540, "best_epoch": 42, "acc": 0.8214538097381592, "best_acc": 0.8221595287322998, "loss": 0.8484290697611077, "epoch_time": 822.0474307537079}, "45": {"global_step": 24075, "best_epoch": 42, "acc": 0.8147494792938232, "best_acc": 0.8221595287322998, "loss": 0.8471586300329008, "epoch_time": 825.0176239013672}, "46": {"global_step": 24610, "best_epoch": 42, "acc": 0.8168666362762451, "best_acc": 0.8221595287322998, "loss": 0.8459040944797147, "epoch_time": 818.4004180431366}, "47": {"global_step": 25145, "best_epoch": 47, "acc": 0.822335958480835, "best_acc": 0.822335958480835, "loss": 0.8446077559169232, "epoch_time": 825.0935711860657}, "48": {"global_step": 25680, "best_epoch": 47, "acc": 0.817925214767456, "best_acc": 0.822335958480835, "loss": 0.8433861529135445,